Drug,Stats,Data
A,Mean,264.97414285714285
A,Standard Deviation,11.582362882972417
A,Relative Standard Deviation(%),4.3711294838368016
B,Mean,253.76361428571428
B,Standard Deviation,12.838087090039092
B,Relative Standard Deviation(%),5.059073234819471
C,Mean,257.2501142857143
C,Standard Deviation,10.874051156220261
C,Relative Standard Deviation(%),4.227034528794425
