Stats,Data|A,Data|B,Data|C
Mean±STD,264.97±11.58,253.76±12.84,257.25±10.87
Relative Standard Deviation(%),4.3711294838368016,5.059073234819471,4.227034528794425
